epoch,accuracy,learning_rate,loss,val_accuracy,val_loss
0,0.6798469424247742,9.999999747378752e-06,1.1146091222763062,0.8053935766220093,0.7010724544525146
1,0.7410714030265808,9.999999747378752e-06,0.8384919166564941,0.7973760962486267,0.7404533624649048
2,0.7801263332366943,9.999999747378752e-06,0.6921789050102234,0.8002915382385254,0.741623044013977
3,0.808309018611908,9.999999747378752e-06,0.5927115082740784,0.7995626926422119,0.7443399429321289
4,0.8399538397789001,2.9999998787388904e-06,0.5036104917526245,0.7993197441101074,0.7416584491729736
5,0.848578691482544,2.9999998787388904e-06,0.4721641540527344,0.8005344867706299,0.7398075461387634
6,0.8530126214027405,2.9999998787388904e-06,0.45815610885620117,0.8002915382385254,0.7420703172683716
7,0.8628522753715515,8.999999749903509e-07,0.43276846408843994,0.8012633919715881,0.739170253276825
8,0.8626700639724731,8.999999749903509e-07,0.4253688156604767,0.8017492890357971,0.7386124730110168
